玩机工具加强版	homepage
防紫外线脸罩	goods
阿玛尼口红400	goods
爱拍	homepage
全能解析	homepage
婚庆摆设假花	goods
长毛衣	goods
湘南面霜	infomation
校园安全月	infomation
小腐基	infomation
眼睛看世界	infomation
卤肉的做法	infomation
抹茶味	goods
洲泉发布	infomation
湖人总冠军	infomation
益动益生菌	goods
宝宝假发帽	goods
布朗奶瓶	goods
科颜氏 无油面霜	goods
空前少年	infomation
越南理发店完整版	video
汽油添加剂	goods
后专柜	goods
冬瓜玫瑰荷叶茶	goods
门面装饰	goods
盆栽蛋糕diy	goods
男±卫裤	goods
二手大狗笼子	goods
复仇之路2	homepage
弘化禅寺	infomation
纵梦广科	infomation
梦幻花园家园宠物	homepage
莆田系医院	infomation
中国航天科技	infomation
中年男士长袖丅恤	goods
草本泉源电器	goods
医治的祷告	infomation
两岸青年	infomation
霸王鞭	video
拥挤的城市大作战游戏	homepage
雅诗兰黛精华眼霜	goods
路西法第三季	infomation
谜语故事	infomation
纸条	homepage
天津爱心之家	infomation
边锋	homepage
俄罗斯进口茶叶	goods
永远年轻	infomation
姐姐啊	infomation
物理3-3	infomation
三叶草白鞋	goods
杀英雄	homepage
野人野趣装备店	homepage
扑克牌lite	homepage
第五人格视频芒果	video
情满四合院电视剧全集	video
糖糖果品	homepage
战争房间	infomation
ysl 眼部遮瑕	goods
二十一世纪英文报	infomation
起点中文网	infomation
站桩英雄游戏	homepage
在乎你的人从来都不忙	infomation
继承者们	video
苗乡侗寨请你来广场舞	video
榉木擀面杖	goods
家电清洗专业平台	homepage
iphone屏幕	goods
教师感悟	infomation
熊猫吃短信	infomation
无痕	infomation
招贤	infomation
成龙个人资料	infomation
抠门	infomation
挂锁	goods
拍电影	video
地狱巴比伦	infomation
cass视频	video
云南骚山歌	video
紫衿	homepage
汕头剩车码	homepage
vivo智能手机官网	goods
诗洞中学	infomation
得人渔夫	infomation
智能体温计	goods
内蒙古麻将	homepage
无添加护肤品	goods
交电费公众号	infomation
耐磨手套	goods
飞跃的水果	homepage
a版裙子	goods
经营模拟的小程序	homepage
石头科技	infomation
兽棋	homepage
盖伊	infomation
北京国税	infomation
霸气动漫头像	infomation
凌霄水泵有哪种型号	goods
夜罗丽精灵梦	homepage
九品芝麻官游戏	homepage
部位	infomation
女式宽松t恤	goods
微笑曲线	infomation
校园欺凌事件	infomation
中考视频	video
万字酱油	goods
钓鱼台典藏酒	goods
卫生纸无芯	goods
庭院水景	infomation
黑色毛巾架	goods
陕西科技大学本科招生	infomation
鬼子抢花姑娘	video
图木舒克市	infomation
乱停车	infomation
龙工	infomation
暴走方格	homepage
飘马男长袖	goods
腹肌燃烧器	goods
我的世界游戏大全	homepage
胡笳十八拍	infomation
我爱种菜	infomation
美国军人	infomation
太阳能电池无线摄像头	goods
玩笑话	infomation
要生了	video
高温来袭	infomation
趣码会员	homepage
快手故事	infomation
星晴观	infomation
孔雀石四叶草带钻	goods
规范化给第三方	homepage
中华英才网	homepage
黔气象	infomation
宝宝巴士游戏做饭	homepage
姬存希沐浴露自用	video
佳能m6教程	video
王者取名	homepage
精神堡垒制作	homepage
天鲜配果蔬配送平台	homepage
绝地枪神2	homepage
笔记本电脑热销	goods
我的音乐相册	infomation
飞利浦gc9683	goods
陕西省公安厅	infomation
耄耋之年	infomation
丢人游戏	homepage
捆绑迪丽热巴	video
零食优品	goods
1985滑板店	infomation
智慧检务	infomation
博太冷	infomation
新十三香神窝米价格	goods
猜迷语小精灵	homepage
包装花	goods
玻尿酸补水面膜	goods
新 ipad	goods
杂花束	goods
捶一捶	homepage
门口放鞋	goods
五宫	infomation
端午 流量	infomation
见利忘义的人	infomation
框画粘土	goods
塑料组合鞋盒	goods
忍无可忍	infomation
超声引导下穿刺技术	video
瑞丽视点	infomation
低速电动车	infomation
朴秀荣	infomation
上善若水纯银水杯	goods
晚饭	infomation
吉林市检察院	infomation
暖家衣橱	homepage
火柴人打高尔夫	homepage
雷神游戏本电脑	homepage
小巴士三轮车	goods
新田城	infomation
天门麻将	homepage
金沙县招聘	infomation
花力会	homepage
支付宝乘车码	homepage
诞星舞蹈	homepage
小游戏喵喵	homepage
明装304花洒	goods
摘镜	infomation
叛逆期女孩	infomation
绵阳三医院	infomation
隐藏的人	homepage
我要捕大鲨鱼	homepage
太宰治	infomation
创造与魔法手游	infomation
救护	infomation
期末复习	infomation
框架理论	infomation
普洱茶盏	goods
贾玲宋小宝	video
丰田汽车荣放脚垫	goods
航空工业	infomation
狼性文化	infomation
棉布衬衫	goods
蜜桃粉大衣	goods
ycn面霜	goods
哈弗f7x	infomation
10盒20斤装	goods
小白鞋增白剂	goods
金枝	infomation
建文	infomation
噜噜	infomation
三打白骨精play	homepage
苏州招聘	infomation
jins眼镜儿童	goods
拼搏进取	infomation
爵迹小说	infomation
钓鱼网扣	goods
yeezy沈阳	infomation
儿童礼仪	infomation
深圳广州	infomation
杉木	infomation
philips剃须刀	goods
爱我国防演讲	video
空投云助手	homepage
甜心淑媛	infomation
六枝特区烫斗	goods
兰州轨道交通一卡通	infomation
潮学堂	infomation
弘博	infomation
车位查看系统	homepage
保利首创颂	infomation
杭州喜团	homepage
心理阴影	infomation
清颜堂	infomation
南疯乐队	infomation
吃蟹	video
三享读书	infomation
财务自查报告	infomation
一字型淋浴房	goods
龙卷乱斗	homepage
内容创业	infomation
角花园	homepage
复旦红毯	infomation
我的世界大战	homepage
我的发票	homepage
puma 标志	goods
附近美食推荐	homepage
隐元秘鉴	infomation
宝宝爱打针	homepage
矿嫂	infomation
关于两个小男孩的视频	video
三用女包	goods
舒达青少年床垫	goods
美容院活动	infomation
胖子表情包	infomation
seiko鸡尾酒	goods
常回家看看陈红	video
彩虹跳跃	homepage
乒乓吧同桌	homepage
广东财政	infomation
电动尾门	infomation
京润珍珠牙膏	goods
银川传销	infomation
迷你世界:火柴人战争	homepage
吻胸动态图	infomation
广州宠物展	infomation
南平中公	infomation
子母钉	goods
样板间开放活动	infomation
指纹支付	homepage
kiko口红#312	goods
鸡蛋塑料托	goods
时尚ya	homepage
油管	infomation
松下保时捷洗衣机	goods
中山一中	infomation
半高领卫衣	goods
康巴什招聘	infomation
祁门人	infomation
窝窝派	homepage
男孩三件衣服	goods
2day生活	homepage
ahc眼霜7代	goods
泸州天立学校	infomation
华为meat10	goods
卡西菲	goods
王建华	infomation
奢侈品牌短袖	goods
玉珠挂绳	goods
洋娃娃公主游戏	homepage
温州城市网	infomation
清瓜薯片	goods
2019中考物理	infomation
文人娱乐	infomation
魅蓝note8	goods
小布ai机器人	goods
成语接龙小程序	homepage
设计之都	infomation
购买双色球	homepage
袋鼠双肩包	goods
球球竞赛	homepage
头像加1	homepage
四川禁毒微信公众号	infomation
大妈拍照教学	infomation
巴利皮带	goods
红色家园	infomation
暴龙6059	goods
防水反光服饰	goods
卡王	infomation
监控音响时钟	goods
百褶裙配	goods
mac鼠标	goods
不解相思	infomation
王璐	infomation
漫威迷	infomation
爱我你就抱抱我舞蹈	video
兰蔻泡沫洗面奶	goods
叶罗丽美颜	homepage
微信校园卡	infomation
金彭电动汽车	infomation
潞城一中	infomation
夏天短袖	goods
晋升油茶	goods
礼拜垫	goods
2o19女新歀牛仔褲	goods
子午觉	infomation
丽得姿水库补水面膜	goods
活石无人机	goods
一个人最好的生活状态	infomation
电影最top	video
美妞	infomation
中国青年研究	infomation
字母大逃杀	homepage
毛开衫	goods
潇潇书舍	infomation
車座小旗幟不鏽鋼鐵架	goods
违法建设	infomation
少女诱惑	infomation
力不从心	infomation
夜景句子	infomation
王进	infomation
飙记英语	infomation
青少年手表	goods
英语修辞	infomation
和老师	infomation
头版	infomation
衣拉拉	goods
蜜芽自有品牌荟	homepage
我曾 隔壁老樊	infomation
吊兰花朵	goods
文旅山东	infomation
宾馆声音	video
电动椅	goods
香肠派队2	homepage
孤狼看书	infomation
球球下楼	homepage
手推石磨	goods
打狗棍那图鲁结局	video
西左	infomation
颗粒物	infomation
药匠人辰一	homepage
三枪羊毛暖绒	goods
附近美女	video
鳕鱼胶	infomation
武汉地铁乘车	homepage
小白兔儿歌	homepage
自行车防盗	goods
随行课堂	infomation
多肉植物红手指	goods
智力锁	goods
英语老师	infomation
北叔有约	infomation
五爱市场服装城男装	goods
手喷油漆	goods
米燕	video
祛痘水	goods
大东女鞋-北七家店	goods
leaders	goods
枪打	homepage
麦趣尔o2o商城	homepage
幽默的男人	video
疯狗	infomation
快乐飞刀	homepage
羊说星座	infomation
周毅雕刻视频	video
古代人生孩子视频	video
男生怀孕的视频	video
视源股份	infomation
女性阴道	infomation
كۇلدۇرگە	infomation
黑白球	homepage
小玩具手工	goods
沅陵龙舟赛直播	video
爱宠猫	homepage
考驾照科目一	infomation
凤凰餐厅	homepage
去黑头粉刺面膜	goods
南京小龙虾	infomation
刘德华演唱会视频	video
团团优惠菌	infomation
新款发夹	goods
汗马动感单车	goods
香膏 石膏	goods
成年人视频	video
黑凤凰资源	infomation
华硕顽石6代	goods
泰兴吾悦广场	homepage
舅姥爷	infomation
亻壬弓虽	homepage
河南艺术职业学院	infomation
李大橘	infomation
三元牛奶新包装	goods
万家乐50升电热水器	goods
居住证申请	homepage
好客山东之声	infomation
射击游戏破解版ios	homepage
掌上山财大	infomation
上升摩羯	infomation
二附属	infomation
海底捞	homepage
肝胆外科高杰	video
牛筋套袖	goods
spa蛇毒	goods
安速蟑螂屋	goods
美的全智能电	goods
动图出处	homepage
破壁机人参	goods
蛇与白块	homepage
文综复习	infomation
板栗包装盒	goods
儿童多多	homepage
爬墙植物	goods
五贝子生态焗油黑发霜	goods
面片	infomation
成语接龙大	homepage
优派	infomation
刑法一本通	infomation
酷雷玩具	goods
天南地北天水人	video
貂皮	goods
铁头上学记	infomation
小程序的所有游戏	homepage
教育游戏小程序	homepage
花价	infomation
家政家园	infomation
七期	infomation
焊工证查询	infomation
闺蜜头像欧美	infomation
梦幻挖掘机	infomation
眉户屠夫状元兄姝情	video
鲜机惠	homepage
吃寿司	video
全州通笑话	video
微信省钱机器人 视频	video
英语测试	homepage
电源	infomation
手提电脑游戏版	goods
一球弹完	homepage
钓鱼椅	goods
理财小工具	homepage
内马尔宾馆视频	video
她读	infomation
器灵	infomation
明明道	homepage
残联帮困	infomation
热血细胞游戏	homepage
puma彪马女鞋	goods
韩漫欧巴	infomation
微信修复工具聊天记录	video
美国主持人	infomation
果多多农场游戏	homepage
毕业季感谢老师	infomation
提高记忆力	infomation
规培生	infomation
电视台采访	infomation
当兵时间	homepage
丝滑口红	goods
深夜豆浆	infomation
睡前听一段话	infomation
戒之馆婴亲霜	goods
何川	infomation
足球网兜	goods
六胜肽精华	goods
鼠标 充电电池	goods
语文迷课本	infomation
钢琴方一失	homepage
第30期	infomation
上课堂	homepage
仁爱英语七年级下册	infomation
拉链开衫针织衫	goods
周生生铂金	goods
一周收藏排行	infomation
手机猴197	homepage
养老服务平台	homepage
网络意见领袖	infomation
男子买假美女机器人	video
仙女手链	goods
神经围住猫	homepage
醉心	infomation
墙体折叠床	goods
会文	infomation
拿铁饮料	goods
三都	infomation
黄色led灯	goods
智能海尔冰箱	goods
奥特曼跑酷游戏	homepage
化妆镜台灯	goods
智妍面霜50ml	goods
新绝对领域网	infomation
hape牙胶	goods
安宏基天曜	infomation
隔夜水能喝吗	infomation
大瓜	infomation
夏季儿童裙子蓬蓬	goods
大学专业简介	homepage
江苏核电	infomation
八寸蛋糕	goods
美银美林	infomation
兰蔻口红428	goods
自动切带机	goods
冷冻纸	goods
老唐出击	infomation
跑吧少年	homepage
小猪贝奇	homepage
领导摆了一张扑克脸	infomation
亲子英语口语	infomation
昭苏零距离	infomation
lv老花饼包	goods
五子棋的游戏	homepage
乐高幻影忍者十一季	goods
叫小程序	homepage
墙上的格板	goods
绿皮火车 玩具	goods
中南熙悦	infomation
数字钱包	infomation
信都仁义铺门大小事	infomation
最囧小游戏3	homepage
沙发垫定做	goods
江西人吃辣	infomation
rfid读写蓝牙助手	homepage
功夫小熊	homepage
蔡英文下台	infomation
瘦瘦	infomation
小橡皮	goods
颜值测定	homepage
澳洲进口美赞成安婴儿	goods
坤龙	infomation
达摩鱼漂	goods
锦龙	infomation
卡通馒头模具	goods
服装设计培训	homepage
压膜线	goods
髓外硬膜下肿瘤影像	infomation
宝宝过生日	homepage
三国志经典群英传	homepage
深蓝伏特加	goods
chocker项圈	goods
初心使命党课	infomation
放置休闲小游戏	homepage
兰芝精华70ml	goods
中国美国	infomation
十代思域内饰改装	goods
张千里	infomation
孕妇大肚子	video
白色手套	goods
酒钢宏兴	infomation
山鸡椒	infomation
防爆灯管支架	goods
街兔单车	homepage
绅士阿	infomation
幸福从天而降	video
洗脸巾日本ito	goods
德文布克大学视频	video
出道仙	infomation
黑色长背心搭	goods
宾利慕尚典藏版	goods
金葵花	infomation
戴玉强戴你唱歌	infomation
杏仁薄脆	goods
奇迹秀	infomation
塔下	infomation
英博士润滑油	goods
淘一淘咯	homepage
坦克战争模拟器	homepage
平利县人社局公众号	infomation
京东花洒	goods
mk kinsley	goods
学生干部发言	infomation
派车登记	homepage
珍珠奶茶4	goods
一球球	homepage
桃 多肉	goods
小ck新款包包	goods
如何早起	infomation
yooe优艺	homepage
公众号运营课程	infomation
香肠吃鸡枪战3d	homepage
梵克雅宝手链	infomation
习拍	infomation
注册资本认缴制	infomation
萝拉散粉	goods
测一测叶罗丽	infomation
追日战神	homepage
轮滑俱乐部	infomation
中铁十四局集团	infomation
活动房	homepage
洗衣机不能脱水	goods
工程签证	infomation
诗歌美文	infomation
快车在线	homepage
吞噬大作战之别吃黑块	homepage
人大附中国际班	infomation
水洗衣服	goods
摄像灯	goods
猪猪侠之五灵飞车	homepage
打钉机	goods
在家里穿高跟鞋拖鞋	goods
场库精选	homepage
吃辣椒视频	video
跑胡子手机版	homepage
吃鸡小鸟	homepage
网网鞋女	goods
铁路候补购票	infomation
不含乳糖奶粉	goods
貓眼	homepage
多多钢琴	infomation
龙岗社康就诊预约	homepage
3d部落	homepage
彩蝶姑娘	infomation
林浩	infomation
优谷玩具	goods
手机led	homepage
足浴盆	infomation
购车票	homepage
城镇化	infomation
台湾女	infomation
茉莉花 龙珠茶	goods
李显龙 香格里拉	infomation
摸拟人生	homepage
感染	infomation
丹山麻将	homepage
保定人社	infomation
澳门拍照	infomation
四川文化	infomation
隐形床价格	goods
岚岚	infomation
华藏卫视	infomation
雏田	infomation
促生长剂	goods
老友斗地主	homepage
康复吧	infomation
紫外线消毒灯	infomation
索罗	infomation
微波雷达感应器	goods
布尔津情歌广场舞	video
维达婴儿抽纸	goods
消费季	infomation
二货和奶奶	video
机器人豆片	goods
美颜贵妇膏	goods
家在南通	infomation
钢琴块神手	homepage
无醛胶	goods
造梦西游ol闯关	homepage
闹闹天空大战拼图	homepage
汪汪队 巡逻车	goods
杜文龙	infomation
今日灌阳	infomation
第四单元	infomation
迪奥010气垫套装	goods
勇振研学旅行	homepage
不限购	infomation
道理共青团	infomation
趣店	infomation
画 猜	homepage
电信卡申请	homepage
一座玻璃城	infomation
تۇققانلار	infomation
客从何处来	infomation
薯愿薯片	goods
扫码付支付	homepage
手术意外险	infomation
五年级英语作业	homepage
多年以前	infomation
孕妇裙子	goods
西飞一中	infomation
平安扣支架	goods
署片多吃有危害的视屏	video
播报大荔	infomation
学生会换届大会	infomation
金溢园家具	goods
佩顿	infomation
智能开窗器	goods
小林马桶洁厕块	goods
披萨小屋外卖	homepage
京东鞋柜	goods
歌唱艺苑	infomation
长毛兔丨	homepage
石狮运动套装	goods
联想7400清零	goods
合影留念	infomation
普利司通轮胎店	goods
广九餐室	infomation
日本处方药	infomation
四川地震网	infomation
卡克斯旗舰店	homepage
青海花儿拉夜川	infomation
葫芦烙烫工具	goods
南太湖房产	homepage
小孩玩的摩托车	goods
血橙角豆固体饮料	goods
贺建奎基因编辑婴儿	infomation
小米米智能摄像机	goods
山青水秀	infomation
林家铺子罐头	goods
球状闪电	infomation
工业园区	infomation
欧堡诺门窗价格	goods
ipone11	goods
佛教正能量	infomation
阿宝老婆	infomation
桌子樱	goods
led自带透镜	goods
偷偷看	infomation
大货车倒车灯	goods
补房顶漏水粘贴带	goods
我只	infomation
响沙湾	infomation
文理科第一名	infomation
鞋垫花	goods
夏至文案	infomation
安全风险识别	infomation
悠悠球豆腐君教学	video
椰芝岛乳酸菌饮品	goods
秦楚	infomation
香港游xing	infomation
高压气泵	goods
木材圈	infomation
海绵宝宝电影	video
adidas速干衣	goods
明天端午节快乐	infomation
壁画自带边框	goods
湖南田螺	goods
bbs	goods
苗族舞动律	video
数字键盘	homepage
十二种	infomation
波尔多红葡萄酒	goods
黑洞疯狂大战斗拼图	homepage
不能抵扣	infomation
一日三餐	infomation
阳光西岸	infomation
珂润卸妆蜜	goods
苏泊尔压力锅	goods
拆了	infomation
奇华锦盒	goods
新农股份	homepage
做淘宝客	infomation
血橙面	goods
承蜩	infomation
手机遥控器猴	goods
仿生包	goods
十点独白	infomation
顺道代步优车	homepage
体育课游戏	homepage
榆林信息站	homepage
推箱子新版	homepage
28码鞋内长	goods
实习 上海	infomation
十个群主九个坏	video
木椟教育	infomation
石牌镇	infomation
mk黄色	goods
新元素	infomation
四季战场	homepage
星妈会	infomation
心水佳文	infomation
奥特曼打小怪兽2	homepage
秋季连衣裙长袖时尚	goods
李泉	infomation
硬笔书法古诗字帖	goods
紫色花艺	goods
宇宙棒哥哥	infomation
查对制度	infomation
山楂糕	infomation
路奇	infomation
水果连连看休闲版	homepage
汤恩贝猫罐头	goods
东京恋爱模样	infomation
钢琴儿键	homepage
加强理论学习	infomation
大玩+	homepage
塑封膜胶	goods
sk330ml神仙水	goods
牛羊信息网	homepage
全民飞车小程序	homepage
多公能皮沙发	goods
校旅	homepage
rcma胡椒散粉	goods
潜水电脑表d	goods
少年毛泽东	infomation
复古相框	goods
航联燃油监控	homepage
sk23件套装	goods
都城大作战	homepage
疼爱妈妈	infomation
小可爱的书签	goods
伊姆	infomation
元尊漫画免费	infomation
武汉人才	infomation
巡检	infomation
转发送礼	infomation
悦恃风吟	goods
小西服外套	goods
简体欧体字帖	goods
大菠萝十三张	homepage
中印边界	infomation
电信充值	homepage
街头篮球游戏闯关	homepage
电水壶价格	goods
事事有回应	infomation
窗户传动器	goods
陈安可	infomation
吴川吃货	homepage
环路车神	homepage
看图识车	homepage
校长特别奖	infomation
春夏秋冬树叶	goods
飞刀大作战0l	homepage
健康步数排行	homepage
小扁豆	infomation
红中麻将打牌群	homepage
教师名单	infomation
订单来了	homepage
光冈	goods
斜挎包	infomation
气垫欧束	goods
半亩花田控油洗发水	goods
四代vs带土	video
单机足球	homepage
吴琼黄梅戏大全	video
学区查询	homepage
买瑜伽衣服	goods
河北省医院	infomation
城市生活导航	homepage
美容床帘	goods
自强不息厚德载物	infomation
长沙银行呼啦	homepage
微信小游戏棋类	homepage
天下粮仓观后感	infomation
酸梅汁	infomation
nk毕业生	homepage
守卫王权	homepage
小亮视频	video
美宝莲spk22	goods
定压止回阀	goods
男扮女装视频	video
12月3日	infomation
尿裤	infomation
小米车机	goods
悠库珠宝	goods
酒店婚礼	infomation
喝酒玩的小游戏	homepage
节拍器助手	homepage
不来月经	infomation
三棒鼓视频	video
拖把棉头	goods
曲梁外卖	homepage
毕业之歌	video
盖娅传说	infomation
福利526	infomation
华醇商城	homepage
白发剧照	video
汉字英雄大会	homepage
曹云金离婚声明	infomation
有什么	infomation
小测	homepage
修表	infomation
打你妹	homepage
微保卡	homepage
讯腾讯视频	video
飞翼	infomation
风雨之崖	homepage
室外儿童娱乐	goods
邯郸公积金	infomation
若风小厅	infomation
哈哈舞蹈	video
校园豆豆	infomation
艺术之路采风报名	homepage
gartner曲线	infomation
警民e家	homepage
中央财经大学图书馆	infomation
幸福团年饭	homepage
匆匆那年 王菲	infomation
美的鸳鸯	goods
菲拉格慕拖鞋	goods
巴雷特狙击枪	infomation
木守西溪	infomation
加厚加大多层整理箱	goods
简易布床	goods
蒸汽消毒锅	goods
钩时尚鞋	goods
姑苏行	infomation
鸡精会	homepage
始祖鸟长袖	goods
李良	infomation
出行无忧地图导航	homepage
停车达人游戏	homepage
蟒蛇皮	goods
发胶干胶随身	goods
微信红包定位	homepage
热水器安装	video
排雷	homepage
广州供电局	infomation
高架	infomation
江苏大学京江学院	infomation
驯服	infomation
全民飞机大战礼包中心	infomation
边锋棋牌游戏来吧掼军	homepage
冷气过滤	goods
魔快口令	homepage
残阳中文	infomation
情侣游戏小程序	homepage
丶:	video
mms巧克力	goods
新亮点	goods
经典再读	infomation
欣然	infomation
学习贯彻	infomation
街垒日	infomation
牛油果卫衣	goods
端午节放价	infomation
良子	infomation
清华	infomation
欢乐斗地主有红包吗	homepage
让车	homepage
vivo手机报价	goods
肖战李沁	infomation
手表官方商城	homepage
搞笑团建主题	infomation
aojo眼镜微博	goods
卷尺5米价格	goods
车载挂件	goods
直播间装修	infomation
蜗牛晾衣架	goods
坪地中学	infomation
北大资源紫境府	infomation
优酷搞笑视频	video
李如燕山歌全集	video
音乐线条	homepage
童颜唇膏	goods
威尔逊网球鞋	goods
北京高考试卷	infomation
史上小游戏	homepage
立丰城市生活广场	infomation
访真松鼠模形	goods
设计优购	infomation
十杯茶	infomation
坦大乱斗	homepage
汽车镀膜剂	goods
婶子	infomation
国际院士港	infomation
南城阳光教育	infomation
卓创	infomation
爸妈妈妈您们辛苦了	video
挖土枕	goods
下面好硬	infomation
盛壶堂铁壶	goods
g2810	goods
爪女孩2	homepage
碧柔透白防晒	goods
巴宝莉珠光粉底	goods
吴思	infomation
理肤泉保湿精华凝露	goods
olay 磁	goods
手机锁屏	infomation
蒂芙尼蓝心手链	goods
蚊香庐	goods
平法识图与钢筋算量	video
一则笑话	infomation
中越边境	infomation
大卫惹麻烦	infomation
台账助手	homepage
粽子怎么吃	infomation
四川沃受理	homepage
杀手手游	homepage
吉林省美术家	infomation
何贤医院	infomation
电缆放线架	goods
快播放器	infomation
益美煮粥锅	goods
纸的时代	infomation
迷你世界小程序	homepage
紧身体恤	goods
盐焗	infomation
gotrip 拉杆箱	goods
四会恒福新里程	infomation
红酒特产	goods
微信后宫小游戏	homepage
小资美食	infomation
护颈仪使用	video
党建设计	infomation
狄娜	infomation
